speed_bin,effort_bin,speed_desc,effort_desc,fitness,amp_0,amp_1,amp_2,amp_3
24,12,1.96,1.0,1.9645197194917634,0.7932138242948679,-0.6874520457658415,0.8195870900079893,-0.5672213826340506
24,13,1.96,1.08,1.9316590185369569,0.7491624120687481,0.7869138027547358,0.7606077232853052,0.6845530668107283
24,14,1.96,1.16,1.9258384608003527,-0.7192797687676125,-0.9651532190272532,-0.468635903812868,-0.8970080323897791
24,15,1.96,1.24,1.923842074654373,0.883077713476198,-0.7586893251126272,0.7922441648472607,-0.7992087087003814
24,17,1.96,1.4,1.915780075681867,0.8996041445717016,-0.9468535793490471,0.9285854882515936,-0.6684783536560512
24,16,1.96,1.32,1.9062888314713042,-0.8093186520425268,0.9329922455169588,-0.8205178444200321,0.8015960552213119
24,11,1.96,0.92,1.9051272066458804,-0.8556637401901832,-0.5147261021469858,-0.8333555594423656,-0.586078357156065
23,11,1.88,0.92,1.9000929997043994,-0.463308952926506,-0.8348564130290033,-0.6081303624886534,-0.8779695755395762
24,18,1.96,1.48,1.8966819788861313,-0.8785535548217256,0.8953130235165649,-0.95398198580974,0.6982850225315349
23,12,1.88,1.0,1.895526020646933,-0.7781567175623825,-0.6809867099193021,-0.738242353941017,-0.6662936929658487
23,13,1.88,1.08,1.8866785325936604,0.43548550584043144,0.8963434520747233,0.44457179758369203,0.9727421360111619
23,14,1.88,1.16,1.8820286895883063,-0.7154329496198948,-0.80306077290624,-0.5187496155640325,-0.9892190567800845
24,19,1.96,1.56,1.8726798451457545,-0.7981026863715512,-0.8876599771201299,-0.9331651840758215,-0.9449331278581259
23,15,1.88,1.24,1.8718476121562557,0.6781375592978793,-0.79105718714283,0.9642137422599644,-0.7106509563490062
23,16,1.88,1.32,1.8643985315908893,-0.9168667371467021,-0.6781909738808665,-0.9894496637319896,-0.6506373943272503
23,17,1.88,1.4,1.8570656437061672,0.9741013491782013,-0.9586977211739449,0.8439394329447527,-0.5609849245684846
24,20,1.96,1.64,1.8503804794562735,0.9272068022765754,-0.9882047281499395,0.8257220368953548,-0.9986319010347251
23,10,1.88,0.84,1.8432782613564243,0.8334980043197873,-0.46589399652467356,0.882205200509053,-0.44657351450824767
23,18,1.88,1.48,1.8400359790808638,0.7750488364746004,-0.9904904818910736,0.8084136449626207,-0.9782823812090033
23,20,1.88,1.64,1.8313902617524027,0.9574267647130532,-0.8762770495434207,0.9475349879710873,-0.8624358241474803
23,19,1.88,1.56,1.8268319016044767,-0.9512292503615878,0.8492662968902476,-0.9693595315376633,0.8230470331367621
22,11,1.8,0.92,1.8223411379302377,0.5720175999250152,0.7366659901154347,0.5315435633647261,0.833682349754483
23,21,1.88,1.72,1.820698466137833,-0.9840978522056958,-0.9653570275389041,-0.8650662971152485,-0.9368330417762212
22,10,1.8,0.84,1.8126505787589837,0.62797572412466,0.6545246549684836,0.61047951817059,0.7568385531041757
22,12,1.8,1.0,1.8107879629193244,0.9837906374591967,-0.5290496591964906,0.8112347941349756,-0.4427668815836552
22,13,1.8,1.08,1.8041666615239411,0.9213267730437549,0.6880073606992767,0.706302885791855,0.5981502643665633
22,14,1.8,1.16,1.7920769032787753,-0.4259440046587495,-0.9338186194186862,-0.845214881668449,-0.8510499295904295
22,15,1.8,1.24,1.775425687059722,0.9943865969556434,-0.49954016967940684,0.7574875986690608,-0.7991959706958647
22,16,1.8,1.32,1.7677903960544727,-0.9385447005659675,0.3135869769710584,-0.9908506303220999,0.8752568208977547
22,17,1.8,1.4,1.7663048426673225,-0.8366936418159527,0.9874215686694783,-0.982232396747859,0.41638950723005186
22,9,1.8,0.76,1.7647364490229676,0.7680469557379928,-0.5511627608309442,0.7085792863851803,-0.5068013821129171
21,11,1.72,0.92,1.7366706895882744,-0.5043460111080358,-0.817918550462444,-0.6655059608306204,-0.7006646172520932
21,9,1.72,0.76,1.7334005697961499,-0.7417743474058807,-0.5853646615335457,-0.6698962851207506,-0.5117243909607647
21,12,1.72,1.0,1.7317288568293046,-0.595507123932774,0.6015480702486979,-0.6244509184769069,0.9808921944460018
21,10,1.72,0.84,1.7288139836255598,0.7268675121117416,0.5849453311175543,0.5515975548021712,0.7925615425838439
21,13,1.72,1.08,1.715047105416181,-0.4171604889624412,-0.7583270249843779,-0.7852542301685903,-0.9813130162889463
21,14,1.72,1.16,1.7095502816267454,0.8123627314962278,0.953340733612132,0.30026119859608635,0.8998459140447599
21,15,1.72,1.24,1.6997118976524552,-0.24728753043374985,0.9061891574209036,-0.9084135607795956,0.9493869638665564
21,8,1.72,0.68,1.6883710911249952,0.6277517990289627,-0.634215539447464,0.6093224027873989,-0.5431258769042155
20,7,1.64,0.6,1.6824843169051849,0.4541870416937457,-0.6418235943409791,0.5255254169982251,-0.7143731555416122
20,8,1.64,0.68,1.6677391388394986,-0.6944694248799315,0.48207159243049835,-0.7589422787509472,0.42556277456297775
20,9,1.64,0.76,1.66724168397683,-0.5246235550857608,0.6643078201401049,-0.5009654066557931,0.808253725128971
21,16,1.72,1.32,1.6658775914715913,0.9404463503607294,0.8939597403504955,0.23964108915867355,0.9677620015620423
20,10,1.64,0.84,1.6611704036233517,0.6457930608135034,-0.4694155392681727,0.9221018156082237,-0.46452216571590776
20,11,1.64,0.92,1.651078714499353,-0.9515754965145518,-0.4997789287592944,-0.659655468330105,-0.46277476309962684
20,12,1.64,1.0,1.6408447386224265,-0.9235668106405173,0.48591105115022737,-0.9318573280871001,0.20875677638524825
20,13,1.64,1.08,1.639373258276491,-0.38978262783669404,-0.8356272626199945,-0.9502156236173405,-0.7054269398139867
20,14,1.64,1.16,1.6239859979481226,0.8408000743574682,-0.9619315428819242,0.2817892847630028,-0.8101325317253705
20,15,1.64,1.24,1.6182487498718856,0.36521080968806263,0.7342708793097266,0.9207613859854631,0.9931878080247205
20,16,1.64,1.32,1.6043582652795356,0.9915449454918612,0.8805892511195641,0.20384424280135982,0.9682879219288067
19,8,1.56,0.68,1.5936729404293757,0.5691011551678549,-0.8126361771992372,0.3778950800754457,-0.6576785189311645
19,9,1.56,0.76,1.5779352122995178,-0.4897903762293556,-0.8807503231538218,-0.3898029357013517,-0.6722883213508573
19,11,1.56,0.92,1.5653875819725567,-0.5068389438405472,-0.8202999138151696,-0.7464531874075839,-0.578973041408327
19,10,1.56,0.84,1.5631755703345085,0.4438135590253527,-0.6622539167745705,0.8733393837302532,-0.6241928419270466
19,12,1.56,1.0,1.5551298372502673,0.17347637487544842,-0.965806915683957,0.5779047726668729,-0.8966456190158973
19,14,1.56,1.16,1.5468134573272896,-0.9414733145748844,0.9421118681849419,-0.6077254742349378,0.4304439328815226
19,13,1.56,1.08,1.5376090440312584,-0.13377066355120393,0.9803156704551841,-0.6578227279735396,0.9163999566093108
19,16,1.56,1.32,1.4930912476207963,-0.9961405842533211,0.9058575812520286,-0.9600401515403747,-0.16282774889093266
18,11,1.48,0.92,1.490456725751169,-0.5150104725949296,0.4319593616079327,-0.959156498069889,0.6528010056167854
18,8,1.48,0.68,1.4897555056414944,0.46191674946892225,0.5206315724300554,0.7489866080368845,0.5831451776301673
18,10,1.48,0.84,1.485035511617715,-0.9829905389787785,0.3201026822104367,-0.6596759838668353,0.4489475804060785
18,9,1.48,0.76,1.484126826686483,0.8161298103339345,0.2222486790865641,0.7347261063375592,0.5866379218243769
19,15,1.56,1.24,1.4769238245698313,-0.6741839538573109,-0.9627216330190711,0.6014458998781678,-0.9392118141398993
19,17,1.56,1.4,1.4579634047943077,0.9808843578506445,0.9925301258782668,0.9592433622485759,-0.15382722739934485
19,20,1.56,1.64,1.450307490013882,0.934000507636084,-0.9177534901789912,0.9947843043897986,0.8698206394203523
19,22,1.56,1.8,1.4484995469469901,0.9930067874463246,-0.9499218209366875,-0.8912179395807738,-0.9938609642580243
18,14,1.48,1.16,1.4484254232891423,-0.9674496346690553,0.5479976441892982,-0.9546833180883165,-0.391420343047268
18,13,1.48,1.08,1.4400914881707674,-0.7854599696418025,-0.7733687881943418,-0.1994410660917818,-0.9892442224487563
18,12,1.48,1.0,1.4371136658402714,-0.9347880788643035,0.44192555060048155,-0.9471324360416511,-0.026729610671101245
18,15,1.48,1.24,1.4369232554300868,-0.9589604111787633,0.21871766767332002,-0.9366359433149587,-0.8922862993816045
19,21,1.56,1.72,1.421387095647388,-0.9334865301278672,0.9849238883601976,0.9583124545780612,0.8947501590053724
18,19,1.48,1.56,1.416745411125155,0.9596029525376253,0.8722802487847241,0.9304365127418153,-0.8465547719441482
18,18,1.48,1.48,1.4051131112608455,0.9399576398390745,-0.6892239436841796,0.9054282399085809,0.9281887126331496
17,11,1.4,0.92,1.3744411656475277,-0.8525581484192397,0.013271355990435385,-0.9649421347405331,0.3973099935072799
17,13,1.4,1.08,1.373269809825023,-0.9589139309437122,0.9822134488591965,-0.4779877823948069,0.32959018724716804
17,10,1.4,0.84,1.3721091597665578,0.04750589743527445,-0.7966561941925681,0.6669171075771194,-0.8960762670697915
18,20,1.48,1.64,1.3664366207987169,0.9121264987858098,0.8736556988307458,-0.9743272146876296,0.9901430019086075
17,12,1.4,1.0,1.3584784960780718,0.9678443352126396,0.625825598414874,0.8557261260651299,-0.02499464268837781
17,15,1.4,1.24,1.3567481410159576,0.2795302069655241,0.8370684702976083,-0.9028149648556341,0.9795620921199744
17,14,1.4,1.16,1.3560384109368053,-0.8163291314629826,-0.9925151433019099,-0.8416768472370444,0.04547115754381337
17,9,1.4,0.76,1.352092641027665,-0.8413662016371035,0.39223271522602565,-0.8564458138784625,-0.045834267505246995
17,8,1.4,0.68,1.3501983082207745,-0.0916392212468895,-0.9034118807454878,-0.28304004555723816,-0.7559888648602711
16,7,1.32,0.6,1.338730853254644,-0.7195018220027785,0.1080722870780988,-0.7828485177291129,0.3444801860796234
16,5,1.32,0.44,1.325317505895296,0.5738487550042768,0.32970171318406427,0.4103307572526702,0.5614580620439358
17,18,1.4,1.48,1.3167714530367511,0.996588679721037,-0.9985823305124613,-0.6197604384368389,-0.8258115402152413
17,20,1.4,1.64,1.2906425240701913,-0.9913910111485122,-0.8004162183893277,0.8796935227619003,-0.9940524567680527
16,8,1.32,0.68,1.2704879795036998,-0.40097910538471426,-0.9932861722259747,-0.5289814843575043,-0.32469288224225257
16,11,1.32,0.92,1.250210641167624,-0.754484135177028,0.6622253442498123,-0.6934313667510119,-0.6414633836845218
16,13,1.32,1.08,1.2472423473639096,0.2780272985283292,-0.995382454826516,0.986736996822356,-0.43820722807168977
16,18,1.32,1.48,1.2315692860123078,-0.7141815273981735,-0.9866852069154963,-0.9841492614339813,0.7921335688560591
16,15,1.32,1.24,1.2216403566655096,0.9910523581238839,0.988697133894064,-0.07000034899297458,0.7321174303676721
15,11,1.24,0.92,1.2204794661678955,-0.9721274245835969,-0.5406879400022895,-0.7363555644269579,0.35531734722571495
15,7,1.24,0.6,1.2120059865179087,-0.9383643308641212,-0.12656522153527527,-0.5708306543609416,-0.1829427125507277
15,6,1.24,0.52,1.2070239345882814,-0.6774564419327964,0.0020895502067270755,-0.6953757945736632,0.39264075015547206
15,12,1.24,1.0,1.2026586601232798,0.364991007949951,-0.7204950327813804,-0.6001835950497834,-0.985275460497989
15,16,1.24,1.32,1.1844327413183757,0.6023208904575044,-0.9843561582803984,-0.9997857193273603,-0.6477966592313362
14,11,1.16,0.92,1.1511576271823996,0.9171184264828907,-0.035393126114199536,0.5654704545005724,-0.8345400001551229
14,12,1.16,1.0,1.1243504378060443,-0.8116453042247009,0.9512447032735118,0.5222794039807059,0.5721286105539076
14,13,1.16,1.08,1.0991448932140484,-0.4880698188647945,0.8720871400979266,-0.6707843648359637,-0.910178761215342
14,9,1.16,0.76,1.0895512264175937,0.5567669941475237,-0.6107225842960649,-0.06655799254593164,-0.9123924684255424
13,6,1.08,0.52,1.0789478380334219,0.3286270806547751,-0.18722627711985895,0.6280407693320693,-0.6660541601845922
13,5,1.08,0.44,1.0640966660656352,-0.7401569893290567,-0.04859014754813251,-0.5461813018982318,0.3396279893650207
13,10,1.08,0.84,1.063019643340194,0.5161754801707477,-0.2909480637402633,0.9413960487898065,0.7862422426443954
13,11,1.08,0.92,1.051920118662835,-0.12980587999392412,0.9847511281116741,0.7833545325098279,0.49721603891389843
13,15,1.08,1.24,1.038170520599568,-0.7845181080882069,0.8320236902752158,-0.5395720182102384,-0.9251748876476404
12,6,1.0,0.52,1.003672263654842,0.16212227940078994,-0.30626039093032587,0.1818309829628335,-0.954392257940605
12,11,1.0,0.92,0.931579464328543,0.8171613814152141,0.3994142676214991,-0.46826007708096085,0.9383527546954478
11,10,0.92,0.84,0.9001677361450814,-0.6914210158649043,0.36609790648490925,0.48952431181563427,0.93501946486842
10,3,0.84,0.28,0.8800380059924441,-0.41281248446663277,0.3238330294537901,0.11406430468255668,0.567796418212827
11,8,0.92,0.68,0.8710771834945054,-0.916771652276215,-0.012018361510962139,-0.34027757533442937,-0.7109516222679062
10,4,0.84,0.36,0.8662466218651095,-0.43753243232198336,0.31884526938380353,0.4539892285737652,0.537294983835314
11,13,0.92,1.08,0.8480528353928405,-0.27637477889321915,-0.824700161367798,-0.7639881957589694,0.9237953290990291
10,8,0.84,0.68,0.7944751091247746,-0.7437727346489083,-0.09922812420886573,-0.25840395153483753,0.8535299776972036
10,11,0.84,0.92,0.7860144239189575,-0.7378844968853735,-0.7524923926993108,0.8551251020130153,-0.20484361235011872
9,7,0.76,0.6,0.7453816968374651,0.2679502233621702,-0.7882051924984934,-0.7193208058721747,-0.16177136136739234
8,1,0.68,0.12,0.6731350194494004,0.2694366400011816,0.10715880131599165,0.11841432149082709,-0.3920998038747756
7,2,0.6,0.2,0.6401796080571395,0.3368059235809433,-0.057807587713734954,0.13047221296237765,0.5299977148320512
8,8,0.68,0.68,0.6282453312243906,0.1091695740316696,-0.8723654877916494,0.6552623439851641,0.2633287982441297
8,10,0.68,0.84,0.6263620087436482,-0.8072180756930014,0.8052047930876833,-0.08844742033277786,-0.5952732704095394
8,5,0.68,0.44,0.6225324115924705,0.10970493878296672,-0.2581554322751225,0.6595794862648263,0.6165029441286036
8,11,0.68,0.92,0.6036999453143044,-0.06523679688941697,0.5695268985043749,-0.9643264320460245,-0.7817120064685301
7,6,0.6,0.52,0.5948462417753037,-0.08216844892332009,0.13748239190578748,-0.7204060037446851,-0.7709398529280531
7,1,0.6,0.12,0.5774056208521959,-0.053021197886092386,-0.46604867381621284,-0.33686200531489563,0.041344804943075575
7,7,0.6,0.6,0.5757413926471768,0.7815849817570497,0.7868932793957264,0.037716720772898116,-0.368141896338414
7,4,0.6,0.36,0.5583996145683144,0.2877302401613291,0.64552322654166,-0.11317160234533774,-0.5455225564304462
7,5,0.6,0.44,0.548025528043414,0.16819593782547115,0.29969320310964,-0.8311113577202218,-0.16838519565878074
6,3,0.52,0.28,0.5433763251343193,0.5575018079315892,0.4337803783179912,-0.10127699571242266,-0.45551687630968196
6,4,0.52,0.36,0.5277506687848763,-0.7563349907429378,0.012659863241266,0.38852487128577295,0.16223321844180472
6,6,0.52,0.52,0.5160478800794809,0.544024864221976,0.32332252633552216,-0.25268454225257986,-0.8110666638769695
7,9,0.6,0.76,0.5133204684338546,0.5548096764823551,0.9436528521219347,0.0014823724046846287,-0.7122049948974984
6,12,0.52,1.0,0.4820743650369592,-0.12217707938990663,-0.9567758402393391,0.6525838483887156,0.7923215436795334
8,23,0.68,1.88,0.4813023439483539,0.9666043607591812,0.9783362679615777,-0.9866079712816407,-0.9953320922539008
7,18,0.6,1.48,0.4701642335509649,0.9050624392893669,-0.6779717954729083,-0.997463759116594,0.9147661530036377
